Order_No,sales_rep,customer,RangeDescription,StyleCode,ShortDescription,Design_Name,Colourway,Quantity,Qty_Dispatched,Qty_Balance,Destination,Date_Ordered,Date_Sent_Offshore,Date_Required,Date_Scheduled_Offshore,Date_Received,Date_Cut_Work,Workflow_Status,Admin_Status,Red_Flag,Latest_Note,Latest_Note_Date
DLES7772,Daniel Ennis,LOI PP Samples,Soar,054,Mesh Lined F/Zip Jacket,Galway Utd Soar Walkout Jacket 2027 208183-03 - PPS,Pantone 447C/Pantone 2407C/Pantone 418C,2,0,2,,2026-06-25,2026-07-02,2026-07-20,Delivery Date TBA,,2026-07-01,4 - In Production,,Order required in less than 7 days but not yet despatched,"PRODUCER ON VACATION
",2026-07-16
DLES7773,Daniel Ennis,LOI PP Samples,Soar,054,Mesh Lined F/Zip Jacket,Galway Utd Soar Walkout Jacket 2027 208183-04 - PPS,Pantone 447C/Pantone 195C,2,0,2,,2026-06-25,2026-07-02,2026-07-20,Delivery Date TBA,,2026-07-01,4 - In Production,,Order required in less than 7 days but not yet despatched,"PRODUCER ON VACATION
",2026-07-16
DLES7776,Daniel Ennis,Shelbourne FC Mens Senior Team,Printed,253,Soccer Shorts,Shelbourne FC 3rd Goalkeeper Shorts 2026 198526-34,Multi,1,0,1,,2026-06-29,2026-06-29,2026-07-28,Delivery Date TBA,,2026-07-02,4 - In Production,,Order required in less than 7 days but not yet despatched,"PRODUCER ON VACATION
",2026-07-16
DLES7778,Daniel Ennis,Bohemians FC Shop Account,Printed,106,Soccer Jersey,Bohs Thin Lizzy Jersey,Stone/Purple/Black/Red,35,0,35,,2026-06-30,2026-06-30,2026-07-28,Delivery Date TBA,,2026-07-02,4 - In Production,,Order required in less than 7 days but not yet despatched,"PRODUCER ON VACATION
",2026-07-16
DLES7816,Daniel Ennis,Shelbourne FC Mens Senior Team,Printed,253,Soccer Shorts,Shelbourne FC - Senior Men Away Shorts 2026,Multi,2,0,2,,2026-07-21,2026-07-22,2026-08-17,Delivery Date TBA,,,2 - Sent Offshore,,,,
DLES7817,Daniel Ennis,Shelbourne FC Mens Senior Team,Printed,253,Soccer Shorts,Shelbourne FC 3rd Players Shorts 2026 198526-30,Multi,2,0,2,,2026-07-21,2026-07-22,2026-08-17,Delivery Date TBA,,,2 - Sent Offshore,,,,
DLES7723,Daniel Ennis,Shelbourne FC Mens Senior Team,Vintage,030,Squad Half Zip Top,Shelbourne FC Vintage Players Training Halfzip 2027 208147-8,L.Grey/Rasp/Mne,140,0,140,,2026-06-18,2026-06-24,2026-10-12,Delivery Date TBA,,2026-07-01,4 - In Production,,,"AWAITING CUTWORK
",2026-07-16
DLES7724,Daniel Ennis,Shelbourne FC Mens Senior Team,Vintage,060,K20 T-Shirt,Shelbourne FC Vintage Players T-Shirt 2027 208147-2,Silvermoon/Rasp/L.Grey,140,0,140,,2026-06-18,2026-06-24,2026-10-12,Delivery Date TBA,,,4 - In Production,,,"AWAITING CUTWORK
",2026-07-16
DLES7725,Daniel Ennis,Shelbourne FC Mens Senior Team,Nico,153,Brsh Skinny Pants,Shelbourne FC Nico Training Pants 2027 208147-14,Marine/Pantone 1815C,220,0,220,,2026-06-18,2026-06-19,2026-10-12,Delivery Date TBA,,,4 - In Production,,,"AWAITING CUTWORK
",2026-07-16
DLES7726,Daniel Ennis,Shelbourne FC Mens Senior Team,Galvas,049,Poly Training Shorts,Shelbourne FC Galvas Training Shorts 2027 208147-13,Marine/Pantone 1815C,220,0,220,,2026-06-18,2026-06-23,2026-10-12,2026-10-06,,,4 - In Production,,,,
DLES7727,Daniel Ennis,Shelbourne FC Mens Senior Team,Vintage,184,Brush HZ Top Pockets,Shelbourne FC Vintage Training Managment Halfzip 2027 208147-7,Marine/Rasp/L.Grey,85,0,85,,2026-06-18,2026-06-23,2026-10-12,Delivery Date TBA,,2026-07-03,4 - In Production,,,"PRODUCER ON VACATION
",2026-07-16
DLES7728,Daniel Ennis,Shelbourne FC Mens Senior Team,Vintage,060,K20 T-Shirt,Shelbourne FC Vintage Management Training T-Shirt 2027 208147-1,Marine/Rasp/L.Grey,85,0,85,,2026-06-18,2026-06-23,2026-10-12,Delivery Date TBA,,2026-07-03,4 - In Production,,,"AWAITING CUTWORK
",2026-07-16
DLES7729,Daniel Ennis,Shelbourne FC Mens Senior Team,Vintage,184,Brush HZ Top Pockets,Shelbourne FC Vintage GK Training Halfzip 2027 208147-12,Gunmetal/L.Grey/Rasp,36,0,36,,2026-06-18,2026-06-23,2026-10-12,2026-10-06,,2026-07-03,4 - In Production,,,"PRODUCER ON VACATION
",2026-07-16
DLES7730,Daniel Ennis,Shelbourne FC Mens Senior Team,Vintage,011,Flc OH Hoodie,Shelbourne FC Vintage GK Training Hoodie 2027 208147-10,Anthracite/Rasp/L.Grey,36,0,36,,2026-06-18,2026-06-25,2026-10-12,Delivery Date TBA,,2026-07-06,4 - In Production,,,"AWAITING CUTWORK
",2026-07-16
DLES7731,Daniel Ennis,Shelbourne FC Mens Senior Team,Vintage,024,Squad Full Zip Top,Shelbourne FC Vintage GK Training Fullzip 2027 208147-11,Gunmetal/Rasp/L.Grey,36,0,36,,2026-06-18,2026-06-23,2026-10-12,Delivery Date TBA,,2026-07-03,4 - In Production,,,"AWAITING CUTWORK
",2026-07-16
DLES7732,Daniel Ennis,Shelbourne FC Mens Senior Team,Vintage,060,K20 T-Shirt,Shelbourne FC Vintage GK Training T-Shirt 2027 208147-9,Gunmetal/Rasp/L.Grey,36,0,36,,2026-06-18,2026-06-23,2026-10-12,Delivery Date TBA,,2026-07-03,4 - In Production,,,"AWAITING CUTWORK
",2026-07-16
DLES7733,Daniel Ennis,Shelbourne FC Mens Senior Team,Soar,054,Mesh Lined F/Zip Jacket,Shelbourne FC Soar Walkout Jacket 2027 208148-1,Marine/Red/White,46,0,46,,2026-06-18,2026-06-24,2026-10-12,Delivery Date TBA,,,4 - In Production,,,"PRODUCER ON VACATION
",2026-07-16
DLES7734,Daniel Ennis,ECOM,Vintage,030,Squad Half Zip Top,Shelbourne FC Vintage Players Training Halfzip 2027 208147-8,Silvermoon/Marine/Rasp,56,0,56,,2026-06-18,2026-06-24,2026-10-12,Delivery Date TBA,,2026-07-01,4 - In Production,,,"AWAITING CUTWORK
",2026-07-16
DLES7735,Daniel Ennis,ECOM,Vintage,060,K20 T-Shirt,Shelbourne FC Vintage Players T-Shirt 2027 208147-2,Silvermoon/Rasp/L.Grey,56,0,56,,2026-06-18,2026-06-24,2026-10-12,Delivery Date TBA,,,4 - In Production,,,"AWAITING CUTWORK
",2026-07-16
DLES7736,Daniel Ennis,ECOM,Nico,153,Brsh Skinny Pants,Shelbourne FC Nico Training Pants 2027 208147-14,Marine/Pantone 1815C,76,0,76,,2026-06-18,2026-06-22,2026-10-12,Delivery Date TBA,,,4 - In Production,,,"AWAITING CUTWORK
",2026-07-16
DLES7737,Daniel Ennis,ECOM,Galvas,049,Poly Training Shorts,Shelbourne FC Galvas Training Shorts 2027 208147-13,Marine/Pantone 1815C,101,0,101,,2026-06-18,2026-06-22,2026-10-12,2026-10-06,,,4 - In Production,,,,
DLES7738,Daniel Ennis,ECOM,Vintage,184,Brush HZ Top Pockets,Shelbourne FC Vintage Training Managment Halfzip 2027 208147-7,Marine/Rasp/L.Grey,56,0,56,,2026-06-18,2026-06-26,2026-10-12,Delivery Date TBA,,2026-07-03,4 - In Production,,,"PRODUCER ON VACATION
",2026-07-16
DLES7739,Daniel Ennis,ECOM,Vintage,060,K20 T-Shirt,Shelbourne FC Vintage Managment Training T-Shirt 2027 208147-1,Marine/Rasp/L.Grey,56,0,56,,2026-06-18,2026-06-30,2026-10-12,Delivery Date TBA,,2026-07-06,4 - In Production,,,"AWAITING CUTWORK
",2026-07-16
DLES7740,Daniel Ennis,ECOM,Soar,054,Mesh Lined F/Zip Jacket,Shelbourne FC Soar Walkout Jacket 2027 208148-1,Marine/Red/White,25,0,25,,2026-06-19,2026-06-24,2026-10-12,Delivery Date TBA,,,4 - In Production,,,"PRODUCER ON VACATION
",2026-07-16
DLES7741,Daniel Ennis,Shelbourne FC Shop,Vintage,030,Squad Half Zip Top,Shelbourne FC Vintage Players Training Halfzip 2027 208147-8,Silvermoon/Marine/Rasp,220,0,220,,2026-06-19,2026-06-23,2026-10-12,Delivery Date TBA,,2026-07-03,4 - In Production,,,"AWAITING CUTWORK
",2026-07-16
DLES7742,Daniel Ennis,Shelbourne FC Shop,Vintage,011,Flc OH Hoodie,Shelbourne FC Vintage Players Hoodie 2027 208147-4,M.Grey/Rasp/L.Grey,80,0,80,,2026-06-19,2026-06-25,2026-10-12,Delivery Date TBA,,2026-07-06,4 - In Production,,,"AWAITING CUTWORK
",2026-07-16
DLES7743,Daniel Ennis,Shelbourne FC Shop,Vintage,060,K20 T-Shirt,Shelbourne FC Vintage Players T-Shirt 2027 208147-2,Silvermoon/Rasp/L.Grey,140,0,140,,2026-06-19,2026-06-24,2026-10-12,Delivery Date TBA,,,4 - In Production,,,"AWAITING CUTWORK
",2026-07-16
DLES7744,Daniel Ennis,Shelbourne FC Shop,Nico,153,Brsh Skinny Pants,Shelbourne FC Nico Training Pants 2027 208147-14,Marine/Pantone 1815C,190,0,190,,2026-06-19,2026-06-22,2026-10-12,Delivery Date TBA,,,4 - In Production,,,"AWAITING CUTWORK
",2026-07-16
DLES7745,Daniel Ennis,Shelbourne FC Shop,Galvas,049,Poly Training Shorts,Shelbourne FC Galvas Training Shorts 2027 208147-13,Marine/Pantone 1815C,80,0,80,,2026-06-19,2026-06-22,2026-10-12,2026-10-06,,,4 - In Production,,,,
DLES7746,Daniel Ennis,Shelbourne FC Shop,Vintage,184,Brush HZ Top Pockets,Shelbourne FC Vintage Training Managment Halfzip 2027 208147-7,Marine/Rasp/L.Grey,160,0,160,,2026-06-19,2026-06-23,2026-10-12,Delivery Date TBA,,2026-07-03,4 - In Production,,,"PRODUCER ON VACATION
",2026-07-16
DLES7747,Daniel Ennis,Shelbourne FC Shop,Vintage,011,Flc OH Hoodie,Shelbourne FC Vintage Managment Hoodie 2027 208147-3,Marine/Rasp/L.Grey,260,0,260,,2026-06-19,2026-06-25,2026-10-12,Delivery Date TBA,,2026-07-06,4 - In Production,,,"AWAITING CUTWORK
",2026-07-16
DLES7748,Daniel Ennis,Shelbourne FC Shop,Vintage,060,K20 T-Shirt,Shelbourne FC Vintage Managment Training T-Shirt 2027 208147-1,Marine/Rasp/L.Grey,90,0,90,,2026-06-19,2026-06-23,2026-10-12,Delivery Date TBA,,2026-07-03,4 - In Production,,,"AWAITING CUTWORK
",2026-07-16
DLES7749,Daniel Ennis,Shelbourne FC Shop,Soar,054,Mesh Lined F/Zip Jacket,Shelbourne FC Soar Walkout Jacket 2027 208148-1,Marine/Red/White,50,0,50,,2026-06-19,2026-06-24,2026-10-12,Delivery Date TBA,,,4 - In Production,,,"PRODUCER ON VACATION
",2026-07-16
DLES7752,Daniel Ennis,Shelbourne FC Shop,Nico,153,Brsh Skinny Pants,Shelbourne FC Nico Training Pants 2027 208147-14,Marine/Pantone 1815C,10,0,10,,2026-06-22,2026-06-30,2026-10-12,Delivery Date TBA,,,4 - In Production,,,"AWAITING CUTWORK
",2026-07-16
DLES7756,Daniel Ennis,Shelbourne FC Womens,Nico,153,Brsh Skinny Pants,Shelbourne FC Nico Training Pants 2027 208147-14,Marine/Pantone 1815C,89,0,89,,2026-06-22,2026-06-25,2026-10-12,Delivery Date TBA,,,4 - In Production,,,"AWAITING CUTWORK
",2026-07-16
DLES7757,Daniel Ennis,Shelbourne FC Womens,Galvas,049,Poly Training Shorts,Shelbourne FC Galvas Training Shorts 2027 208147-13,Marine/Pantone 1815C,128,0,128,,2026-06-22,2026-06-25,2026-10-12,2026-10-06,,,4 - In Production,,,,
DLES7758,Daniel Ennis,Shelbourne FC Womens,Vintage,030,Squad Half Zip Top,Shelbourne FC Vintage Players Training Halfzip 2027 208147-8,Silvermoon/Marine/Rasp,86,0,86,,2026-06-22,2026-06-25,2026-10-12,Delivery Date TBA,,,4 - In Production,,,"AWAITING CUTWORK
",2026-07-16
DLES7759,Daniel Ennis,Shelbourne FC Womens,Vintage,060,K20 T-Shirt,Shelbourne FC Vintage Player T-Shirt 2027 208147-2,Silvermoon/Rasp/L.Grey,86,0,86,,2026-06-22,2026-06-25,2026-10-12,Delivery Date TBA,,2026-07-03,4 - In Production,,,"AWAITING CUTWORK
",2026-07-16
DLES7760,Daniel Ennis,Shelbourne FC Womens,Vintage,184,Brush HZ Top Pockets,Shelbourne FC Vintage Training Managment Halfzip 2027 208147-7,Marine/Rasp/L.Grey,42,0,42,,2026-06-22,2026-06-25,2026-10-12,Delivery Date TBA,,,4 - In Production,,,"PRODUCER ON VACATION
",2026-07-16
DLES7761,Daniel Ennis,Shelbourne FC Womens,Vintage,030,Squad Half Zip Top,Shelbourne FC Vintage GK Training Halfzip 2027 208147-12,Gunmetal/LGrey/Rasp,9,0,9,,2026-06-22,2026-06-25,2026-10-12,Delivery Date TBA,,,4 - In Production,,,"AWAITING CUTWORK
",2026-07-16
DLES7762,Daniel Ennis,Shelbourne FC Womens,Vintage,060,K20 T-Shirt,Shelbourne FC Vintage GK Training T-Shirt 2027 208147-9,Gunmetal/Rasp/L.Grey,9,0,9,,2026-06-22,2026-06-25,2026-10-12,Delivery Date TBA,,2026-07-03,4 - In Production,,,"AWAITING CUTWORK
",2026-07-16
DLES7764,Daniel Ennis,Shelbourne Academy NLU,Vintage,030,Squad Half Zip Top,Shelbourne FC Vintage Players Training Halfzip 2027 208147-8,Silvermoon/Marine/Rasp,145,0,145,,2026-06-23,2026-06-30,2026-10-12,Delivery Date TBA,,2026-07-06,4 - In Production,,,"AWAITING CUTWORK
",2026-07-16
DLES7765,Daniel Ennis,Shelbourne Academy NLU,Vintage,060,K20 T-Shirt,Shelbourne FC Vintage Players T-Shirt 2027 208147-2,Silvermoon/Rasp/L.Grey,270,0,270,,2026-06-23,2026-06-25,2026-10-12,Delivery Date TBA,,2026-07-06,4 - In Production,,,"AWAITING CUTWORK
",2026-07-16
DLES7766,Daniel Ennis,Shelbourne Academy NLU,Nico,153,Brsh Skinny Pants,Shelbourne FC Nico Training Pants 2027 208147-14,Marine/Pantone 1815C,145,0,145,,2026-06-23,2026-06-25,2026-10-12,Delivery Date TBA,,,4 - In Production,,,"AWAITING CUTWORK
",2026-07-16
DLES7767,Daniel Ennis,Shelbourne Academy NLU,Galvas,049,Poly Training Shorts,Shelbourne FC Galvas Training Shorts 2027 208147-13,Marine/Pantone 1815C,270,0,270,,2026-06-23,2026-06-25,2026-10-12,2026-10-06,,,4 - In Production,,,,
DLES7768,Daniel Ennis,Shelbourne Academy NLU,Vintage,184,Brush HZ Top Pockets,Shelbourne FC Vintage Training Managment Halfzip 2027 208147-7,Marine/Rasp/L.Grey,45,0,45,,2026-06-23,2026-06-26,2026-10-12,Delivery Date TBA,,2026-07-01,4 - In Production,,,"PRODUCER ON VACATION
",2026-07-16
DLES7769,Daniel Ennis,Shelbourne Academy NLU,Vintage,060,K20 T-Shirt,Shelbourne FC Vintage Managment Training T-Shirt 2027 208147-1,Marine/Rasp/L.Grey,70,0,70,,2026-06-23,2026-06-25,2026-10-12,Delivery Date TBA,,2026-07-06,4 - In Production,,,"AWAITING CUTWORK
",2026-07-16
DLES7770,Daniel Ennis,Shelbourne Academy NLU,Nico,153,Brsh Skinny Pants,Shelbourne FC Nico Training Pants 2027 208147-14,Marine/Pantone 1815C,40,0,40,,2026-06-23,2026-06-25,2026-10-12,Delivery Date TBA,,,4 - In Production,,,"AWAITING CUTWORK
",2026-07-16
DLES7771,Daniel Ennis,Shelbourne Academy NLU,Galvas,049,Poly Training Shorts,Shelbourne FC Galvas Training Shorts 2027 208147-13,Marine/Pantone 1815C,45,0,45,,2026-06-23,2026-06-25,2026-10-12,2026-10-06,,,4 - In Production,,,,
DLES7794,Daniel Ennis,Bohemians FC Shop Account,Printed,106,Soccer Jersey,Bohs Thin Lizzy Jersey,Stone/Purple/Black/Red,15,0,15,,2026-07-03,2026-07-06,2026-08-14,Delivery Date TBA,,,4 - In Production,,,"PRODUCER ON VACATION
",2026-07-16
DLES7818,Daniel Ennis,Shelbourne FC Shop,Printed,106,Soccer Jersey,Shelbourne Home Jersey Replica 2026,Red,35,0,35,,2026-07-21,2026-07-21,2026-08-18,Delivery Date TBA,,,4 - In Production,,,,
